{
    "random_forest": {
        "hyperparameters": {
            "max_depth": 2,
            "min_samples_split": 100,
            "n_estimators": 500
        },
        "cv_performance": {
            "mean_r2": -0.030061854087095476,
            "std_r2": 0.026576762330555854
        }
    },
    "xgboost": {
        "hyperparameters": {
            "learning_rate": 0.01,
            "max_depth": 3,
            "n_estimators": 200
        },
        "cv_performance": {
            "mean_r2": -0.05528336560109404,
            "std_r2": 0.036468309910151
        }
    },
    "lightgbm": {
        "hyperparameters": {
            "learning_rate": 0.01,
            "max_depth": 3,
            "n_estimators": 200,
            "num_leaves": 31
        },
        "cv_performance": {
            "mean_r2": -0.04864510572972369,
            "std_r2": 0.0326483156393981
        }
    }
}